db,question,check_sql,result_preview
car_retails,Calculate the total quantity ordered for 18th Century Vintage Horse Carriage.,"
SELECT SUM(T2.""quantityOrdered"") AS total_quantity
FROM ""products"" AS T1
JOIN ""orderdetails"" AS T2
  ON T1.""productCode"" = T2.""productCode""
WHERE T1.""productName"" = '18th Century Vintage Horse Carriage'
","[(14337,)]"
cars,How many cylinders does the cheapest car have?,"
SELECT T1.""cylinders"" AS cylinders
FROM ""data"" AS T1
JOIN ""price"" AS T2
  ON T1.""ID"" = T2.""ID""
ORDER BY T2.""price"" ASC
LIMIT 1
","[(6,)]"
regional_sales,Which product generated the highest sales amount?,"
SELECT T2.""Product Name"" AS product_name, SUM(T1.""Sales Channel"") AS sales_amount
FROM ""Sales Orders"" AS T1
JOIN ""Products"" AS T2
  ON T1.""_ProductID"" = T2.""ProductID""
GROUP BY T2.""Product Name""
ORDER BY sales_amount DESC
LIMIT 1
","[('Aurora Coffee Beans', 16508183.930000005)]"
retail_complains,"Among clients from Portland, how many complaints were about Billing disputes?","
SELECT COUNT(*) AS complaint_count
FROM ""client"" AS T1
JOIN ""events"" AS T2
  ON T1.""client_id"" = T2.""Client_ID""
WHERE T1.""city"" = 'Portland'
  AND T2.""Issue"" = 'Billing disputes'
","[(889,)]"
retail_world,What are the products that belong to the beverage category?,"
SELECT T1.""ProductName"" AS product_name
FROM ""Products"" AS T1
JOIN ""Categories"" AS T2
  ON T1.""CategoryID"" = T2.""CategoryID""
WHERE T2.""CategoryName"" = 'Beverages'
LIMIT 20
","[('Premium Green Tea',), ('Beverage Sampler Pack',), ('Northwind Chai',), ('Organic Breakfast Cereal',), ('Beverage Sampler Pack',), ('Executive Office Chair',), ('18th Century Vintage Horse Carriage',), ('Eco Laptop Stand',), ('Premium Green Tea',), ('Northwind Chai',)]"
retails,List the total sales amount for each product in 2020.,"
SELECT T3.""p_name"" AS product_name, SUM(T1.""l_extendedprice"") AS total_sales
FROM ""lineitem"" AS T1
JOIN ""orders"" AS T2
  ON T1.""l_orderkey"" = T2.""o_orderkey""
JOIN ""part"" AS T3
  ON T1.""l_partkey"" = T3.""p_partkey""
WHERE CAST(T2.""o_orderdate"" AS VARCHAR) LIKE '2020%'
GROUP BY T3.""p_name""
ORDER BY total_sales DESC
LIMIT 20
","[('Premium Green Tea', 194902.49999999985), ('chevy c20', 466.94), ('Storage', 290.06), ('Flat Washer 8', 113.18)]"
sales,Which salesperson sold the most items in total?,"
SELECT T1.""FirstName"" AS salesperson, SUM(T2.""Quantity"") AS total_items
FROM ""Employees"" AS T1
JOIN ""Sales"" AS T2
  ON T1.""EmployeeID"" = T2.""SalesPersonID""
GROUP BY T1.""FirstName""
ORDER BY total_items DESC
LIMIT 1
","[('Olivia Carter', 157350)]"
